model,n_T,sample_seed,model_seed,train_rows,val_rows,test_rows,b_scale,test_rmse,test_mae,rmse_interp,rmse_extrap,n_interp,n_extrap,elapsed_s
A,1,0,42,8616,957,19019,,0.3328269422054291,0.2286797612905502,,0.3328269470904652,0,19019,5.4
A,1,0,123,8616,957,19019,,0.3710111081600189,0.2622737288475036,,0.3710111085287281,0,19019,3.2
A,1,0,456,8616,957,19019,,0.3988718688488006,0.2827012836933136,,0.3988718598925804,0,19019,2.7
Bc,1,0,42,8616,957,19019,1382.0,0.3780112266540527,0.2667164206504822,,0.3780112351754027,0,19019,3.5
Bc,1,0,123,8616,957,19019,1382.0,0.3837525844573974,0.2663035094738006,,0.3837525958229311,0,19019,3.3
Bc,1,0,456,8616,957,19019,1382.0,0.3715284764766693,0.2607546150684356,,0.371528488308812,0,19019,3.9
A,1,1,42,8618,958,19019,,0.3893171846866607,0.2782157659530639,,0.3893171751291629,0,19019,2.9
A,1,1,123,8618,958,19019,,0.4327266216278076,0.3135809302330017,,0.4327265998801977,0,19019,2.2
A,1,1,456,8618,958,19019,,0.3435749411582947,0.2398049682378769,,0.3435749347787352,0,19019,5.1
Bc,1,1,42,8618,958,19019,1382.0,0.4084999859333038,0.2915179133415222,,0.4084999750672674,0,19019,2.8
Bc,1,1,123,8618,958,19019,1382.0,0.4172467887401581,0.2968741655349731,,0.4172467640281148,0,19019,2.7
Bc,1,1,456,8618,958,19019,1382.0,0.3619616627693176,0.2545738220214844,,0.3619616503444773,0,19019,3.9
A,1,2,42,8612,957,19019,,0.3639997243881225,0.2570541203022003,,0.3639997223839139,0,19019,3.5
A,1,2,123,8612,957,19019,,0.341354489326477,0.2362666577100753,,0.3413544817078478,0,19019,4.5
A,1,2,456,8612,957,19019,,0.3922448456287384,0.2789786159992218,,0.3922448533203924,0,19019,2.6
Bc,1,2,42,8612,957,19019,1382.0,0.399352490901947,0.2828170359134674,,0.399352466387719,0,19019,3.0
Bc,1,2,123,8612,957,19019,1382.0,0.388823002576828,0.2752235531806946,,0.3888230196524385,0,19019,3.2
Bc,1,2,456,8612,957,19019,1382.0,0.3615060448646545,0.2518825829029083,,0.3615060559797709,0,19019,4.4
A,2,0,42,17249,1916,19019,,0.2647013664245605,0.1853456050157547,0.2101024554186134,0.2759276110255291,3608,15411,11.4
A,2,0,123,17249,1916,19019,,0.2786458432674408,0.1945961564779281,0.2226430197280025,0.2902000125431485,3608,15411,8.7
A,2,0,456,17249,1916,19019,,0.2656042873859405,0.1848529428243637,0.2031578085901715,0.2782065489879274,3608,15411,11.6
Bc,2,0,42,17249,1916,19019,1361.5003925253818,0.2588933110237121,0.1790103614330291,0.2089621941061558,0.2692487355964576,3608,15411,11.6
Bc,2,0,123,17249,1916,19019,1361.5003925253818,0.2564369738101959,0.1775574535131454,0.2029414727418646,0.2674197198282441,3608,15411,10.8
Bc,2,0,456,17249,1916,19019,1361.5003925253818,0.2560596466064453,0.177608236670494,0.2054004502840446,0.2665324813387867,3608,15411,10.7
A,2,1,42,17232,1915,19019,,0.260357916355133,0.1817196011543274,0.2261195063067689,0.2679547703725253,3693,15326,10.5
A,2,1,123,17232,1915,19019,,0.2867175936698913,0.2011990398168563,0.2493853344521936,0.2950078151339388,3693,15326,8.3
A,2,1,456,17232,1915,19019,,0.2619962394237518,0.1813093572854995,0.2376714804967296,0.2675271397340598,3693,15326,10.7
Bc,2,1,42,17232,1915,19019,1371.543918755738,0.2613025605678558,0.181585431098938,0.2246568812414841,0.2693885129637102,3693,15326,11.3
Bc,2,1,123,17232,1915,19019,1371.543918755738,0.2589659392833709,0.1795349419116974,0.2306695707615667,0.2653335255180462,3693,15326,12.3
Bc,2,1,456,17232,1915,19019,1371.543918755738,0.2582645714282989,0.1820636987686157,0.227436801134294,0.2651576014641115,3693,15326,12.4
A,2,2,42,17218,1913,19019,,0.2635299563407898,0.1838457882404327,0.2311780695433735,0.2707290886925085,3685,15334,10.9
A,2,2,123,17218,1913,19019,,0.2882009446620941,0.1999833285808563,0.2520795600442569,0.2962257894167893,3685,15334,7.6
A,2,2,456,17218,1913,19019,,0.2695921063423157,0.1880311965942382,0.2310908329951056,0.2780511604885331,3685,15334,11.2
Bc,2,2,42,17218,1913,19019,1370.028167343818,0.2587508857250213,0.1791329979896545,0.2408045453175152,0.2628811679611084,3685,15334,11.0
Bc,2,2,123,17218,1913,19019,1370.028167343818,0.266173243522644,0.185478076338768,0.2394593570486676,0.2722025613572997,3685,15334,11.3
Bc,2,2,456,17218,1913,19019,1370.028167343818,0.2688570618629455,0.1883200109004974,0.240680414313096,0.2751987580583447,3685,15334,10.7
A,3,0,42,25853,2872,19019,,0.2361991107463836,0.1656099408864975,0.210451227705932,0.2457368348018238,5431,13588,16.9
A,3,0,123,25853,2872,19019,,0.2301497608423233,0.1607468426227569,0.2068360167166886,0.2388323092007618,5431,13588,17.7
A,3,0,456,25853,2872,19019,,0.2418434917926788,0.1704153716564178,0.2085186059029602,0.2539427746977979,5431,13588,17.1
Bc,3,0,42,25853,2872,19019,1370.050526094347,0.2442903965711593,0.1727140545845031,0.2223811240279671,0.2525161428840392,5431,13588,14.3
Bc,3,0,123,25853,2872,19019,1370.050526094347,0.2549203336238861,0.179653912782669,0.2375227654653323,0.261550486588596,5431,13588,12.2
Bc,3,0,456,25853,2872,19019,1370.050526094347,0.2275122702121734,0.158385545015335,0.2096706400563833,0.2342636042372667,5431,13588,18.8
A,3,1,42,25852,2872,19019,,0.2453254759311676,0.1730346828699112,0.2187430329490177,0.255490756795736,5556,13463,14.5
A,3,1,123,25852,2872,19019,,0.2348800599575042,0.1646028012037277,0.2035416788850524,0.2466550572479209,5556,13463,17.4
A,3,1,456,25852,2872,19019,,0.2410667240619659,0.1706243306398391,0.2140947162305397,0.2513554466760117,5556,13463,15.4
Bc,3,1,42,25852,2872,19019,1370.901832605431,0.2286489307880401,0.1610519737005233,0.2095707433857075,0.2360732415526746,5556,13463,16.3
Bc,3,1,123,25852,2872,19019,1370.901832605431,0.2441879361867904,0.1716946512460708,0.222419625609988,0.2526252349916994,5556,13463,13.5
Bc,3,1,456,25852,2872,19019,1370.901832605431,0.2331916540861129,0.1644658744335174,0.2130882995431332,0.2409997077758939,5556,13463,16.1
A,3,2,42,25866,2874,19019,,0.2482192814350128,0.1743195056915283,0.2213162861053972,0.2583995796431795,5514,13505,12.8
A,3,2,123,25866,2874,19019,,0.2369453758001327,0.168256014585495,0.2059836500746265,0.2484801393073767,5514,13505,17.1
A,3,2,456,25866,2874,19019,,0.252671867609024,0.1753311306238174,0.2225698753827925,0.2639772770249808,5514,13505,12.1
Bc,3,2,42,25866,2874,19019,1369.1041533449163,0.2310065329074859,0.1601635068655014,0.2043278391540966,0.2410518637048529,5514,13505,16.3
Bc,3,2,123,25866,2874,19019,1369.1041533449163,0.2339565455913543,0.1626762002706527,0.2087319628415831,0.2435054960503835,5514,13505,15.9
Bc,3,2,456,25866,2874,19019,1369.1041533449163,0.2299044579267501,0.1611509174108505,0.2082200245396802,0.2381911799615232,5514,13505,17.1
A,all,0,42,67716,7524,19019,,0.2061061561107635,0.143451526761055,0.1800823414210252,0.2241062566379803,8277,10742,37.3
A,all,0,123,67716,7524,19019,,0.210315853357315,0.1435378342866897,0.182733487404175,0.2293168497014561,8277,10742,36.0
A,all,0,456,67716,7524,19019,,0.2067261189222335,0.1428662240505218,0.1805146561369502,0.2248480533093231,8277,10742,41.1
Bc,all,0,42,67716,7524,19019,1370.451345396884,0.2014455795288086,0.1390950828790664,0.1795516413215345,0.2168125663460703,8277,10742,40.3
Bc,all,0,123,67716,7524,19019,1370.451345396884,0.1906301826238632,0.1302848756313324,0.1656828055983989,0.2078199667178158,8277,10742,46.5
Bc,all,0,456,67716,7524,19019,1370.451345396884,0.2032988667488098,0.1389851421117782,0.1850822252960147,0.2162912580634485,8277,10742,31.1
A,all,1,42,67716,7524,19019,,0.1914411783218383,0.130783811211586,0.1672450835793233,0.2081753583818419,8277,10742,43.8
A,all,1,123,67716,7524,19019,,0.2011194676160812,0.138837069272995,0.1716537852863874,0.2211617350747023,8277,10742,42.9
A,all,1,456,67716,7524,19019,,0.2236304879188537,0.1550892293453216,0.2008845499018795,0.2396889528549592,8277,10742,21.7
Bc,all,1,42,67716,7524,19019,1370.451345396884,0.1961536109447479,0.1346569955348968,0.1797077017868071,0.2079402734753302,8277,10742,35.0
Bc,all,1,123,67716,7524,19019,1370.451345396884,0.208690345287323,0.1452165246009826,0.1893990958505316,0.2224163325873097,8277,10742,31.4
Bc,all,1,456,67716,7524,19019,1370.451345396884,0.19105826318264,0.1296489834785461,0.1725375975244721,0.2041862418950384,8277,10742,40.4
A,all,2,42,67716,7524,19019,,0.1958715766668319,0.1324875950813293,0.1697096271837805,0.2138580140227024,8277,10742,44.1
A,all,2,123,67716,7524,19019,,0.1973632574081421,0.1360295712947845,0.1721375826261353,0.2147888931367528,8277,10742,43.2
A,all,2,456,67716,7524,19019,,0.2113678753376007,0.14568692445755,0.1835583083848157,0.230518695259775,8277,10742,31.3
Bc,all,2,42,67716,7524,19019,1370.451345396884,0.1952194720506668,0.1328037977218628,0.1744720001553209,0.2098111217684685,8277,10742,43.6
Bc,all,2,123,67716,7524,19019,1370.451345396884,0.198236733675003,0.1364027261734008,0.1747982968737025,0.2145571935921433,8277,10742,39.6
Bc,all,2,456,67716,7524,19019,1370.4513453968839,0.20252840220928192,0.13914619386196136,0.18026815331723917,0.21813649602091717,8277,10742,32.0
